Date,Ticker,Open,High,Low,Close,Volume
2025-05-28,AAPL,200.36260025266836,202.50017366149785,199.67338002302156,200.1927947998047,45339700
2025-05-28,AMZN,205.9199981689453,207.66000366210938,204.41000366210938,204.72000122070312,28549800
2025-05-28,GOOGL,172.95063181853965,175.0580811773991,171.70214322301487,172.15159606933594,34784000
2025-05-28,MSFT,460.4630558858422,461.7609101640183,456.1800880198718,456.609375,17086300
2025-05-28,NVDA,136.0205604932104,137.24047706552236,134.7806410364111,134.80064392089844,304021100
2025-05-29,AAPL,203.3492174371598,203.57895243464628,198.28495762525483,199.72332763671875,51396800
2025-05-29,AMZN,208.02999877929688,208.80999755859375,204.22999572753906,205.6999969482422,34650000
2025-05-29,GOOGL,173.78960291012612,174.20909322624098,170.42368271917738,171.65219116210938,29317300
2025-05-29,MSFT,460.79250051058557,460.9622349154345,454.56275123248776,457.9272155761719,13974800
2025-05-29,NVDA,142.24012884407688,143.48004828952517,137.90043367160317,139.1803436279297,369241900
2025-05-30,AAPL,199.14398126681596,201.73105672211125,196.55692105301176,200.622314453125,70819900
2025-05-30,AMZN,204.83999633789062,205.99000549316406,201.6999969482422,205.00999450683594,51679400
2025-05-30,GOOGL,171.14282080509608,172.0017815585655,167.23754486546525,171.5323486328125,52639900
2025-05-30,MSFT,458.96549737927586,460.9222720478794,454.79236501090486,459.60443115234375,34770500
2025-05-30,NVDA,138.7103677567503,139.61029915281162,132.91076748843994,135.12062072753906,333170900
2025-06-02,AAPL,200.05295557621693,201.9008644592711,199.89313329888972,201.47134399414062,35423300
2025-06-02,AMZN,204.97999572753906,207.0,202.67999267578125,206.64999389648438,29113300
2025-06-02,GOOGL,167.637058963566,169.66460324672883,167.18760611208933,168.82562255859375,38612300
2025-06-02,MSFT,456.3897628439735,461.35157690062545,456.1401731404802,461.2118225097656,16626500
2025-06-02,NVDA,135.48059995132564,138.11040700485356,135.39059460313518,137.37046813964844,197663100
2025-06-03,AAPL,201.1217444882778,203.5389992121068,200.7321872237246,203.03956604003906,46381600
2025-06-03,AMZN,207.11000061035156,208.9499969482422,205.02999877929688,205.7100067138672,33139100
2025-06-03,GOOGL,167.28749382619188,168.276287066322,165.08015922486254,165.97906494140625,45084900
2025-06-03,MSFT,460.7126363614999,463.3782677615003,460.1036216507913,462.2101745605469,15743800
2025-06-03,NVDA,138.77035689954903,141.9901344074345,137.94041273370485,141.21018981933594,225578800
2025-06-04,AAPL,202.67998220748078,206.00620910456834,201.8709028727957,202.590087890625,43604000
2025-06-04,AMZN,206.5500030517578,208.17999267578125,205.17999267578125,207.22999572753906,29915600
2025-06-04,GOOGL,166.53838821108508,168.01659436979696,166.15884281939123,167.8468017578125,26900800
2025-06-04,MSFT,463.2384646092932,464.9256933509807,462.2600620562611,463.1086730957031,14162700
2025-06-04,NVDA,142.18012651028872,142.38010956756776,139.53030141372145,141.91014099121094,167120800
2025-06-05,AAPL,203.26931435006063,204.5178973620389,199.92310578136215,200.40257263183594,55126100
2025-06-05,AMZN,209.5500030517578,212.80999755859375,207.55999755859375,207.91000366210938,51864200
2025-06-05,GOOGL,170.1340365467451,170.72331951416996,167.3873615992156,168.00662231445312,36379100
2025-06-05,MSFT,464.1968775224098,468.8791825139859,463.26841119380083,466.91241455078125,20131700
2025-06-05,NVDA,142.16012695808664,143.99000172763624,138.82036252431462,139.98028564453125,231397900
2025-06-06,AAPL,202.76987228695742,205.4668084267123,201.82095228760733,203.68882751464844,46607700
2025-06-06,AMZN,212.39999389648438,213.8699951171875,210.5,213.57000732421875,39832500
2025-06-06,GOOGL,170.6234412090639,174.2890017669552,170.6234412090639,173.46998596191406,35731800
2025-06-06,MSFT,469.31846913564885,472.56313512848675,468.0106215882427,469.6080017089844,15285600
2025-06-06,NVDA,142.50009772583994,143.26005471165655,141.50016717206393,141.7101593017578,153986200
2025-06-09,AAPL,204.15830357568726,205.76647909477697,199.79326227022588,201.2216339111328,72862600
2025-06-09,AMZN,214.75,217.85000610351562,212.8800048828125,216.97999572753906,38102500
2025-06-09,GOOGL,174.5399932861328,176.47000122070312,174.3699951171875,176.08999633789062,28935900
2025-06-09,MSFT,468.92913895110996,472.6529977632414,467.8508943889836,471.97412109375,16469900
2025-06-09,NVDA,143.18006060607402,144.98993249459744,141.9301473949137,142.62010192871094,185114500
2025-06-10,AAPL,200.3726011094186,204.11835001917973,200.34263633745982,202.44024658203125,54672600
2025-06-10,AMZN,216.77999877929688,217.69000244140625,214.14999389648438,217.61000061035156,31303300
2025-06-10,GOOGL,176.1999969482422,181.11000061035156,174.91000366210938,178.60000610351562,61766100
2025-06-10,MSFT,470.4166711436691,472.02401413852874,466.19360257943936,470.1471252441406,15375900
2025-06-10,NVDA,142.68009610535242,144.279975869788,141.52017297716907,143.95001220703125,155881900
2025-06-11,AAPL,203.26930749599725,204.26817387189894,198.18508130061548,198.55465698242188,60989900
2025-06-11,AMZN,217.41000366210938,218.39999389648438,212.88999938964844,213.1999969482422,39326000
2025-06-11,GOOGL,179.77000427246094,180.3699951171875,176.75,177.35000610351562,31646800
2025-06-11,MSFT,469.24859086789724,474.68965849935887,468.88919632531986,471.8443298339844,16399200
2025-06-11,NVDA,144.61000061035156,144.99000549316406,141.8699951171875,142.8300018310547,167694000
2025-06-12,AAPL,198.85432303920933,199.45363372918547,197.13627162659284,198.97418212890625,43904600
2025-06-12,AMZN,211.77999877929688,213.5800018310547,211.3300018310547,213.24000549316406,27640000
2025-06-12,GOOGL,176.17999267578125,176.72000122070312,174.75,175.6999969482422,20941900
2025-06-12,MSFT,474.2403884361742,479.6315503555016,472.7428502291372,478.0840759277344,18950600
2025-06-12,NVDA,141.97000122070312,145.0,141.85000610351562,145.0,162365000
2025-06-13,AAPL,199.50357538920457,200.1428492549886,195.47814514596445,196.227294921875,51447300
2025-06-13,AMZN,209.9600067138672,214.0500030517578,209.6199951171875,212.10000610351562,29337800
2025-06-13,GOOGL,172.44000244140625,177.1300048828125,172.38999938964844,174.6699981689453,27663100
2025-06-13,MSFT,475.62811338522215,478.3935562569989,471.98410990605987,474.18048095703125,16814500
2025-06-13,NVDA,142.47999572753906,143.5800018310547,140.85000610351562,141.97000122070312,180820600
2025-06-16,AAPL,197.07634287373045,198.46476655376847,196.33717625414866,198.195068359375,43020700
2025-06-16,AMZN,212.30999755859375,217.05999755859375,211.60000610351562,216.10000610351562,33284200
2025-06-16,GOOGL,174.72999572753906,176.94000244140625,174.64999389648438,176.77000427246094,27389200
2025-06-16,MSFT,474.4300645574067,479.90108160832807,474.2204177457221,478.3536376953125,15626100
2025-06-16,NVDA,143.35000610351562,146.17999267578125,143.1999969482422,144.69000244140625,183133700
2025-06-17,AAPL,196.97644196425614,198.16509536417735,194.98870767431248,195.418212890625,38856200
2025-06-17,AMZN,215.1999969482422,217.41000366210938,214.55999755859375,214.82000732421875,32086300
2025-06-17,GOOGL,175.6999969482422,177.36000061035156,174.5800018310547,175.9499969482422,24973000
2025-06-17,MSFT,474.6197503672441,477.9542649832925,473.30190948641297,477.25543212890625,15414100
2025-06-17,NVDA,144.49000549316406,145.22000122070312,143.77999877929688,144.1199951171875,139108000
2025-06-18,AAPL,195.71787336797544,197.3460303816964,194.84886452825484,196.35714721679688,45394700
2025-06-18,AMZN,215.08999633789062,217.9600067138672,212.33999633789062,212.52000427246094,44360500
2025-06-18,GOOGL,176.00999450683594,176.55999755859375,173.1999969482422,173.32000732421875,28707500
2025-06-18,MSFT,477.21549881727225,480.2105751696819,473.68130019053103,479.4518127441406,17526500
2025-06-18,NVDA,144.00999450683594,145.64999389648438,143.1199951171875,145.47999572753906,161494100
2025-06-20,AAPL,198.01527480684123,201.47134391409438,196.6368343380514,200.7721405029297,96813500
2025-06-20,AMZN,214.67999267578125,214.88999938964844,208.27000427246094,209.69000244140625,75350700
2025-06-20,GOOGL,173.9499969482422,174.33999633789062,165.4600067138672,166.63999938964844,75659900
2025-06-20,MSFT,481.4385756672578,482.666537493529,476.0873566497709,476.6164855957031,37576200
2025-06-20,NVDA,145.4499969482422,146.1999969482422,142.64999389648438,143.85000610351562,242956200
2025-06-23,AAPL,201.40143343464243,202.07067208145295,198.73446202428119,201.27157592773438,55814300
2025-06-23,AMZN,209.7899932861328,210.38999938964844,207.30999755859375,208.47000122070312,37311700
2025-06-23,GOOGL,166.27000427246094,167.33999633789062,162.0,165.19000244140625,57671000
2025-06-23,MSFT,477.425138713905,486.94948990747275,471.7345120072702,485.2023620605469,24864000
2025-06-23,NVDA,142.5,144.77999877929688,142.02999877929688,144.1699981689453,154308900
2025-06-24,AAPL,202.36033429336192,203.2093768046809,199.9730442780961,200.07293701171875,54064000
2025-06-24,AMZN,212.13999938964844,214.33999633789062,211.0500030517578,212.77000427246094,38378800
2025-06-24,GOOGL,166.9199981689453,168.22000122070312,166.1300048828125,166.77000427246094,40524300
2025-06-24,MSFT,488.1475336634371,491.0427680081874,486.0010379300524,489.30560302734375,22305600
2025-06-24,NVDA,145.55999755859375,147.9600067138672,145.5,147.89999389648438,187566100
2025-06-25,AAPL,201.2216365357081,203.43912119943792,200.39257558111612,201.33151245117188,39525700
2025-06-25,AMZN,214.6199951171875,216.02999877929688,211.11000061035156,211.99000549316406,31755700
2025-06-25,GOOGL,167.6300048828125,172.36000061035156,167.5500030517578,170.67999267578125,35479000
2025-06-25,MSFT,491.2324636297239,493.7483167920849,488.58681895090325,491.4620666503906,17495100
2025-06-25,NVDA,149.27000427246094,154.4499969482422,149.25999450683594,154.30999755859375,269146500
2025-06-26,AAPL,201.20164572639828,202.41028074115465,199.23389299836737,200.7721405029297,50799100
2025-06-26,AMZN,213.1199951171875,218.0399932861328,212.00999450683594,217.1199951171875,50480800
2025-06-26,GOOGL,172.42999267578125,173.69000244140625,169.94000244140625,173.5399932861328,31796700
2025-06-26,MSFT,492.1709105807123,497.2226034494893,492.0011761864687,496.6335754394531,21578900
2025-06-26,NVDA,155.97999572753906,156.72000122070312,154.0,155.02000427246094,198145700
2025-06-27,AAPL,201.66113009938155,202.98962419564972,199.77327327657756,200.85205078125,73188600
2025-06-27,AMZN,219.9199981689453,223.3000030517578,216.74000549316406,223.3000030517578,119217100
2025-06-27,GOOGL,173.5399932861328,178.67999267578125,171.72999572753906,178.52999877929688,108140200
2025-06-27,MSFT,496.73341116664807,498.4805390751374,492.22084033701867,495.1260681152344,34539200
2025-06-27,NVDA,156.0399932861328,158.7100067138672,155.25999450683594,157.75,263234500
2025-06-30,AAPL,201.78098710410558,207.15489297707504,199.0341046248948,204.93740844726562,91912800
2025-06-30,AMZN,223.52000427246094,223.82000732421875,219.1199951171875,219.38999938964844,58887800
2025-06-30,GOOGL,180.77999877929688,181.22999572753906,174.5800018310547,176.22999572753906,63378900
2025-06-30,MSFT,496.22427056302723,499.9381665482639,494.51705506439515,496.5936584472656,28369000
2025-06-30,NVDA,158.39999389648438,158.66000366210938,155.9600067138672,157.99000549316406,194580300
2025-07-01,AAPL,206.4357061767528,209.95171998702364,205.90630823197938,207.58441162109375,78788900
2025-07-01,AMZN,219.5,221.8800048828125,217.92999267578125,220.4600067138672,39256800
2025-07-01,GOOGL,175.74000549316406,176.08999633789062,173.52999877929688,175.83999633789062,35904500
2025-07-01,MSFT,495.655190908974,497.2325843953567,490.1742108879921,491.242431640625,19945400
2025-07-01,NVDA,156.2899932861328,157.1999969482422,151.49000549316406,153.3000030517578,213143600
2025-07-02,AAPL,208.6731759252599,213.09814660534315,207.9040445567577,212.1991729736328,67941800
2025-07-02,AMZN,219.72999572753906,221.60000610351562,219.05999755859375,219.9199981689453,30894200
2025-07-02,GOOGL,175.5399932861328,178.86000061035156,175.07000732421875,178.63999938964844,29128900
2025-07-02,MSFT,489.1858263089447,492.69007550131784,487.8979653734086,490.2840270996094,16319600
2025-07-02,NVDA,152.97999572753906,157.60000610351562,152.97000122070312,157.25,171224100
2025-07-03,AAPL,211.90950026104147,214.40666625629999,211.56988934364432,213.30792236328125,34955800
2025-07-03,AMZN,221.82000732421875,224.00999450683594,221.36000061035156,223.41000366210938,29632400
2025-07-03,GOOGL,178.5,179.6699981689453,177.0500030517578,179.52999877929688,21689700
2025-07-03,MSFT,492.99955771280014,499.3091926553608,492.6301698307581,498.02130126953125,13984800
2025-07-03,NVDA,158.3699951171875,160.97999572753906,157.77000427246094,159.33999633789062,143716100
2025-07-07,AAPL,212.43889126622693,215.9848699115094,208.56330013289198,209.7119903564453,50229000
2025-07-07,AMZN,223.0,224.2899932861328,222.3699951171875,223.47000122070312,36604100
2025-07-07,GOOGL,179.05999755859375,179.3000030517578,175.67999267578125,176.7899932861328,34175600
2025-07-07,MSFT,496.56369887519327,497.9314455400232,494.41723357438383,496.90313720703125,13981600
2025-07-07,NVDA,158.1999969482422,159.30999755859375,157.33999633789062,158.24000549316406,140139000
2025-07-08,AAPL,209.86183643928914,211.1903153368944,208.213697736729,209.7719268798828,42848900
2025-07-08,AMZN,223.9199981689453,224.0,218.42999267578125,219.36000061035156,45692000
2025-07-08,GOOGL,177.85000610351562,177.9499969482422,172.80999755859375,174.36000061035156,40442500
2025-07-08,MSFT,496.42390920841734,497.3823555722493,493.2990413573122,495.804931640625,11846600
2025-07-08,NVDA,159.3300018310547,160.22000122070312,158.38999938964844,160.0,138133000
2025-07-09,AAPL,209.2924745188519,211.09043707809712,206.98509558510867,210.90065002441406,48749400
2025-07-09,AMZN,221.07000732421875,224.2899932861328,220.47000122070312,222.5399932861328,38155100
2025-07-09,GOOGL,175.25,179.44000244140625,172.77000427246094,176.6199951171875,43025600
2025-07-09,MSFT,499.47890106455674,505.94827712953634,498.919822567675,502.68365478515625,18659500
2025-07-09,NVDA,161.22000122070312,164.4199981689453,161.16000366210938,162.8800048828125,183656400
2025-07-10,AAPL,210.27134950514616,213.23798377907798,209.7918979255535,212.16920471191406,44443600
2025-07-10,AMZN,221.5500030517578,222.7899932861328,219.6999969482422,222.25999450683594,30370600
2025-07-10,GOOGL,175.6300048828125,178.42999267578125,174.3800048828125,177.6199951171875,29252400
2025-07-10,MSFT,502.22438258392543,503.6121159415126,496.93309312638246,500.656982421875,16492100
2025-07-10,NVDA,164.32000732421875,164.5,161.61000061035156,164.10000610351562,167704100
2025-07-11,AAPL,210.33129628612954,211.88952536572023,209.6220944658076,210.92062377929688,39765800
2025-07-11,AMZN,223.5800018310547,226.67999267578125,222.3699951171875,225.02000427246094,50518300
2025-07-11,GOOGL,176.7899932861328,181.42999267578125,176.47999572753906,180.19000244140625,34282900
2025-07-11,MSFT,497.6519112557523,504.20114253320645,496.9829974553982,502.49395751953125,16459500
2025-07-11,NVDA,163.72000122070312,167.88999938964844,163.47000122070312,164.9199981689453,193633300
2025-07-14,AAPL,209.69201166358403,210.67091168904602,207.3047216270235,208.3834991455078,38840100
2025-07-14,AMZN,225.07000732421875,226.66000366210938,224.24000549316406,225.69000244140625,35702600
2025-07-14,GOOGL,181.00999450683594,183.6699981689453,179.67999267578125,181.55999755859375,32536600
2025-07-14,MSFT,500.6968893054946,503.14288052756655,500.20770324807717,502.1944274902344,12058800
2025-07-14,NVDA,165.3699951171875,165.49000549316406,162.02000427246094,164.07000732421875,136975800
2025-07-15,AAPL,208.9828312368767,211.64980271899068,208.6831682659836,208.87295532226562,42296300
2025-07-15,AMZN,226.1999969482422,227.27000427246094,225.4600067138672,226.35000610351562,34907300
2025-07-15,GOOGL,182.80999755859375,184.22000122070312,181.60000610351562,182.0,33448300
2025-07-15,MSFT,502.19441482497484,507.465747883617,501.9648118083004,504.9898376464844,14927200
2025-07-15,NVDA,171.19000244140625,172.39999389648438,169.1999969482422,170.6999969482422,230627400
2025-07-16,AAPL,210.06160887608695,212.1592191902425,208.40348697906978,209.92176818847656,47490500
2025-07-16,AMZN,225.8800048828125,226.10000610351562,222.17999267578125,223.19000244140625,39535900
2025-07-16,GOOGL,183.24000549316406,184.3300018310547,182.02999877929688,182.97000122070312,33104200
2025-07-16,MSFT,504.35088083250554,505.88836188358,501.06630238508603,504.7901611328125,15154400
2025-07-16,NVDA,171.05999755859375,171.75,168.89999389648438,171.3699951171875,158831500
2025-07-17,AAPL,210.33130094399476,211.5599023237274,209.35240091776063,209.78192138671875,48068100
2025-07-17,AMZN,223.32000732421875,224.5,222.50999450683594,223.8800048828125,31855800
2025-07-17,GOOGL,182.13999938964844,184.05999755859375,180.47999572753906,183.5800018310547,31992600
2025-07-17,MSFT,504.85005963085433,512.5274410723513,504.7901605415637,510.8601989746094,17503100
2025-07-17,NVDA,172.02000427246094,174.16000366210938,170.8300018310547,173.0,160841100
2025-07-18,AAPL,210.63095139102305,211.54990664350106,209.46227954032304,210.9405975341797,48974600
2025-07-18,AMZN,225.13999938964844,226.39999389648438,222.97999572753906,226.1300048828125,37833800
2025-07-18,GOOGL,185.39999389648438,186.4199981689453,183.7100067138672,185.05999755859375,34014500
2025-07-18,MSFT,513.6356127696338,513.7953843002441,506.59719545986655,509.212890625,21209700
2025-07-18,NVDA,173.63999938964844,174.25,171.25999450683594,172.41000366210938,146456400
2025-07-21,AAPL,211.8595616297783,215.53538252867688,211.39009321998003,212.23912048339844,51377400
2025-07-21,AMZN,225.83999633789062,229.69000244140625,225.64999389648438,229.3000030517578,40297600
2025-07-21,GOOGL,186.25,190.2899932861328,186.14999389648438,190.10000610351562,45803100
2025-07-21,MSFT,505.8783619126309,511.24956741731427,504.7202620876888,509.2228698730469,14066800
2025-07-21,NVDA,172.75,173.3800048828125,171.0,171.3800048828125,123126100
2025-07-22,AAPL,212.89838571641525,214.7063314773177,211.9894136266437,214.15695190429688,46404100
2025-07-22,AMZN,229.67999267578125,230.0,226.35000610351562,227.47000122070312,37483700
2025-07-22,GOOGL,191.5,191.64999389648438,187.4600067138672,191.33999633789062,44660200
2025-07-22,MSFT,510.13139215337156,510.3610256433726,504.44073486328125,504.44073486328125,13868600
2025-07-22,NVDA,171.33999633789062,171.38999938964844,164.5800018310547,167.02999877929688,193114300
2025-07-23,AAPL,214.75626907170553,214.90609293027538,212.1692088371252,213.9072265625,46989300
2025-07-23,AMZN,228.47000122070312,228.7899932861328,227.08999633789062,228.2899932861328,28294900
2025-07-23,GOOGL,191.5,192.52999877929688,189.17999267578125,190.22999572753906,58681900
2025-07-23,MSFT,505.9183250285286,505.95826791167354,499.87826643817476,505.0397644042969,16396600
2025-07-23,NVDA,169.52999877929688,171.25999450683594,167.97000122070312,170.77999877929688,154082200
2025-07-24,AAPL,213.65751035981805,215.44548969662856,213.28793468034502,213.51766967773438,46022600
2025-07-24,AMZN,229.1699981689453,236.0,228.63999938964844,232.22999572753906,42902300
2025-07-24,GOOGL,197.02999877929688,197.9499969482422,191.0,192.1699981689453,74881700
2025-07-24,MSFT,507.93498157135946,512.826933461713,506.4673929575042,510.0415344238281,16107000
2025-07-24,NVDA,172.44000244140625,173.8300018310547,171.3000030517578,173.74000549316406,128984600
2025-07-25,AAPL,214.45660521718813,214.9960015887686,213.15807589620647,213.63754272460938,40268800
2025-07-25,AMZN,232.22000122070312,232.47999572753906,231.17999267578125,231.44000244140625,28712100
2025-07-25,GOOGL,191.97999572753906,194.3300018310547,191.25999450683594,193.17999267578125,39785900
2025-07-25,MSFT,511.6289272082179,517.4393829887753,509.52240467312413,512.866943359375,19125700
2025-07-25,NVDA,173.61000061035156,174.72000122070312,172.9600067138672,173.5,122316800
2025-07-28,AAPL,213.78737619229818,214.60645396318566,212.81847455673218,213.80735778808594,37858000
2025-07-28,AMZN,233.35000610351562,234.2899932861328,232.25,232.7899932861328,26300100
2025-07-28,GOOGL,193.64999389648438,194.0500030517578,190.83999633789062,192.5800018310547,38139500
2025-07-28,MSFT,513.2362984451797,514.1547714605564,509.2827757416266,511.65887451171875,14308000
2025-07-28,NVDA,174.02000427246094,177.0,173.97000122070312,176.75,140023500
2025-07-29,AAPL,213.93719187335407,214.5664825639156,210.58101550100253,211.03050231933594,51411700
2025-07-29,AMZN,234.14999389648438,234.72000122070312,230.30999755859375,231.00999450683594,33716200
2025-07-29,GOOGL,192.42999267578125,195.9199981689453,192.0800018310547,195.75,41389200
2025-07-29,MSFT,514.6839236482208,516.7704593446111,510.7204076628311,511.728759765625,16469200
2025-07-29,NVDA,177.9600067138672,179.3800048828125,175.02000427246094,175.50999450683594,154077500
2025-07-30,AAPL,211.65977882345743,212.14922883427738,207.48452469073794,208.81301879882812,45512500
2025-07-30,AMZN,231.63999938964844,231.8000030517578,229.2899932861328,230.19000244140625,32993300
2025-07-30,GOOGL,195.60000610351562,197.60000610351562,194.69000244140625,196.52999877929688,32445400
2025-07-30,MSFT,514.3244691518986,515.1032182392812,508.6038929137552,512.3976440429688,26380400
2025-07-30,NVDA,176.50999450683594,179.88999938964844,176.0399932861328,179.27000427246094,174312200
2025-07-31,AAPL,208.25365677749065,209.60211724381097,206.92516266487007,207.33470153808594,80698400
2025-07-31,AMZN,235.77000427246094,236.52999877929688,231.39999389648438,234.11000061035156,104357300
2025-07-31,GOOGL,195.7100067138672,195.99000549316406,191.08999633789062,191.89999389648438,51329200
2025-07-31,MSFT,554.3187056451394,554.5383762548963,531.0270400328567,532.6243896484375,51617300
2025-07-31,NVDA,182.89999389648438,183.3000030517578,175.92999267578125,177.8699951171875,221685400
2025-08-01,AAPL,210.63095505795985,213.33788973606855,201.27158167093614,202.1505889892578,104434500
2025-08-01,AMZN,217.2100067138672,220.44000244140625,212.8000030517578,214.75,122258800
2025-08-01,GOOGL,189.02999877929688,190.8300018310547,187.82000732421875,189.1300048828125,34832200
2025-08-01,MSFT,534.1219588686084,534.9206337229102,520.0051507892547,523.2498168945312,28977600
2025-08-01,NVDA,174.08999633789062,176.5399932861328,170.88999938964844,173.72000122070312,204529000
2025-08-04,AAPL,204.27816503495924,207.64435521756303,201.4513712516652,203.11949157714844,75109300
2025-08-04,AMZN,217.39999389648438,217.44000244140625,211.4199981689453,211.64999389648438,77890100
2025-08-04,GOOGL,190.2899932861328,195.27000427246094,190.1199951171875,195.0399932861328,31547400
2025-08-04,MSFT,527.4030257699867,537.3666271513684,527.2632409127965,534.7609252929688,25349000
2025-08-04,NVDA,175.16000366210938,180.1999969482422,174.52000427246094,180.0,148174600
2025-08-05,AAPL,203.1694082424696,205.1072113881769,201.93082373064988,202.68995666503906,44155100
2025-08-05,AMZN,213.0500030517578,216.3000030517578,212.8699951171875,213.75,51505100
2025-08-05,GOOGL,194.7100067138672,197.86000061035156,193.88999938964844,194.6699981689453,31602300
2025-08-05,MSFT,536.2983661514853,536.4181643311854,526.374677366439,526.8838500976562,19171600
2025-08-05,NVDA,179.6199951171875,180.25999450683594,175.89999389648438,178.25999450683594,156407600
2025-08-06,AAPL,205.39689808550258,215.1358452662651,205.35693489516686,213.0082550048828,108483100
2025-08-06,AMZN,214.6999969482422,222.64999389648438,213.74000549316406,222.30999755859375,54823000
2025-08-06,GOOGL,194.5,196.6300048828125,193.6699981689453,196.08999633789062,21562900
2025-08-06,MSFT,530.0287318260303,530.8274067099719,523.1700114791388,524.0784912109375,21355700
2025-08-06,NVDA,176.3300018310547,179.89999389648438,176.25,179.4199981689453,137192300
2025-08-07,AAPL,218.63187314031333,220.59964108330854,216.33447747046458,219.7805633544922,90224800
2025-08-07,AMZN,221.0,226.22000122070312,220.82000732421875,223.1300048828125,40603500
2025-08-07,GOOGL,197.05999755859375,197.5399932861328,194.3300018310547,196.52000427246094,26321800
2025-08-07,MSFT,525.9354090023164,527.2233308658066,516.7005900083886,519.9852294921875,16079100
2025-08-07,NVDA,181.57000732421875,183.8800048828125,178.8000030517578,180.77000427246094,151878400
2025-08-08,AAPL,220.57966572513484,230.73813503605493,219.00145500716468,229.0900115966797,113854000
2025-08-08,AMZN,223.13999938964844,223.8000030517578,221.8800048828125,222.69000244140625,32970500
2025-08-08,GOOGL,197.22000122070312,202.61000061035156,197.1699981689453,201.4199981689453,39161800
2025-08-08,MSFT,521.7423060527517,523.7989228282858,518.5575389118288,521.1832275390625,15531000
2025-08-08,NVDA,181.5500030517578,183.3000030517578,180.39999389648438,182.6999969482422,123396700
2025-08-11,AAPL,227.9199981689453,229.55999755859375,224.75999450683594,227.17999267578125,61806100
2025-08-11,AMZN,221.77999877929688,223.0500030517578,220.39999389648438,221.3000030517578,31646200
2025-08-11,GOOGL,200.94000244140625,201.47999572753906,199.07000732421875,201.0,25832400
2025-08-11,MSFT,521.4427947726738,526.7241518809952,518.8670119786243,520.9136962890625,20194400
2025-08-11,NVDA,182.0500030517578,183.83999633789062,180.25,182.05999755859375,138323200
2025-08-12,AAPL,228.00999450683594,230.8000030517578,227.07000732421875,229.64999389648438,55626200
2025-08-12,AMZN,222.22999572753906,223.5,219.0500030517578,221.47000122070312,37185800
2025-08-12,GOOGL,201.3699951171875,204.5,200.58999633789062,203.33999633789062,30397900
2025-08-12,MSFT,522.8904188907295,530.1085334795151,521.8421543429575,528.3713989257812,18667000
2025-08-12,NVDA,182.9600067138672,184.47999572753906,179.4600067138672,183.16000366210938,145485700
2025-08-13,AAPL,231.07000732421875,235.0,230.42999267578125,233.3300018310547,69878500
2025-08-13,AMZN,222.0,224.9199981689453,222.0,224.55999755859375,36508300
2025-08-13,GOOGL,204.1300048828125,204.52999877929688,197.50999450683594,201.9600067138672,28342900
2025-08-13,MSFT,531.236692379076,531.825750889051,518.5176108745642,519.7256469726562,19619200
2025-08-13,NVDA,182.6199951171875,183.97000122070312,179.35000610351562,181.58999633789062,179871700
2025-08-14,AAPL,234.05999755859375,235.1199951171875,230.85000610351562,232.77999877929688,51916300
2025-08-14,AMZN,227.39999389648438,233.11000061035156,227.02000427246094,230.97999572753906,61545800
2025-08-14,GOOGL,201.5,204.44000244140625,201.22999572753906,202.94000244140625,25230400
2025-08-14,MSFT,521.7023833261101,525.0868343553949,519.2863720398742,521.6224975585938,20269100
2025-08-14,NVDA,179.75,183.02000427246094,179.4600067138672,182.02000427246094,129554000
2025-08-15,AAPL,234.0,234.27999877929688,229.33999633789062,231.58999633789062,56038700
2025-08-15,AMZN,232.5800018310547,234.0800018310547,229.80999755859375,231.02999877929688,39649200
2025-08-15,GOOGL,203.85000610351562,206.44000244140625,201.27999877929688,203.89999389648438,34931400
2025-08-15,MSFT,521.9120536418995,525.2365445998882,518.2281072023833,519.3162841796875,25213300
2025-08-15,NVDA,181.8800048828125,181.89999389648438,178.0399932861328,180.4499969482422,156602200
2025-08-18,AAPL,231.6999969482422,233.1199951171875,230.11000061035156,230.88999938964844,37476200
2025-08-18,AMZN,230.22999572753906,231.91000366210938,228.3300018310547,231.49000549316406,25248900
2025-08-18,GOOGL,204.1999969482422,205.27000427246094,202.49000549316406,203.5,18526600
2025-08-18,MSFT,520.7339636806648,521.9619254356152,513.176380682391,516.2512817382812,23760600
2025-08-18,NVDA,180.60000610351562,182.94000244140625,180.58999633789062,182.00999450683594,132008000
2025-08-19,AAPL,231.27999877929688,232.8699951171875,229.35000610351562,230.55999755859375,39402600
2025-08-19,AMZN,230.08999633789062,230.52999877929688,227.1199951171875,228.00999450683594,29891000
2025-08-19,GOOGL,203.02999877929688,203.44000244140625,199.9600067138672,201.57000732421875,24240200
2025-08-19,MSFT,514.1547770514178,514.314487646487,507.7153506663982,508.933349609375,21481000
2025-08-19,NVDA,182.42999267578125,182.5,175.49000549316406,175.63999938964844,185229200
2025-08-20,AAPL,229.97999572753906,230.47000122070312,225.77000427246094,226.00999450683594,42263900
2025-08-20,AMZN,227.1199951171875,227.27000427246094,220.9199981689453,223.80999755859375,36604300
2025-08-20,GOOGL,200.72999572753906,201.27999877929688,196.60000610351562,199.32000732421875,28955500
2025-08-20,MSFT,509.0331975839143,510.161347905157,503.6121166003689,504.8900146484375,27723000
2025-08-20,NVDA,175.1699981689453,176.0,168.8000030517578,175.39999389648438,215142700
2025-08-21,AAPL,226.27000427246094,226.52000427246094,223.77999877929688,224.89999389648438,30621200
2025-08-21,AMZN,222.64999389648438,222.77999877929688,220.5,221.9499969482422,32140500
2025-08-21,GOOGL,199.75,202.47999572753906,199.42999267578125,199.75,19774600
2025-08-21,MSFT,503.69000244140625,507.6300048828125,502.7200012207031,504.239990234375,18443300
2025-08-21,NVDA,174.85000610351562,176.89999389648438,173.80999755859375,174.97999572753906,140040900
2025-08-22,AAPL,226.1699981689453,229.08999633789062,225.41000366210938,227.75999450683594,42477800
2025-08-22,AMZN,222.7899932861328,229.13999938964844,220.82000732421875,228.83999633789062,37315300
2025-08-22,GOOGL,202.72999572753906,208.5399932861328,201.3000030517578,206.08999633789062,42827000
2025-08-22,MSFT,504.25,510.7300109863281,502.4100036621094,507.2300109863281,24324200
2025-08-22,NVDA,172.61000061035156,178.58999633789062,171.1999969482422,177.99000549316406,172789400
2025-08-25,AAPL,226.47999572753906,229.3000030517578,226.22999572753906,227.16000366210938,30965700
2025-08-25,AMZN,227.35000610351562,229.60000610351562,227.30999755859375,227.94000244140625,22608200
2025-08-25,GOOGL,206.42999267578125,210.52000427246094,205.27999877929688,208.49000549316406,29904300
2025-08-25,MSFT,506.6300048828125,508.19000244140625,504.1199951171875,504.260009765625,21621700
2025-08-25,NVDA,178.35000610351562,181.91000366210938,176.57000732421875,179.80999755859375,162515700
